num_vacantes,especialidad,jornada,colegio,file,fecha
1,PSICOLOGÍA - PEDAGOGÍA - PISCO PEDAGOGIA- MÁSTER PROFES,PARCIAL,NUESTRA SEÑORA DEL PILAR - GUANARTEME,010722_vacantes_cc_1.pdf,1 de julio de 2022
1,MAESTRO/A ED. PRIMARIA ESP. INGLÉS-,PARCIAL,SANTO DOMINGO SAVIO,010822_vacantes_cc_1.pdf,1 de agosto de 2022
1,MAESTRO/A ED. INFANTIL,COMPLETA,SANTO DOMINGO SAVIO,010822_vacantes_cc_1.pdf,1 de agosto de 2022
1,EDUCACIÓN PRIMARIA:ESPECIALIDAD MÚSICA,PARCIAL,SAUCILLO,010822_vacantes_cc_2.pdf,1 de agosto de 2022
1,EDUCACIÓN INFANTIL:ESPECIALIDAD INGLÉS,PARCIAL,SAUCILLO,010822_vacantes_cc_2.pdf,1 de agosto de 2022
1,EDUCACIÓN PRIMARIA:ESPECIALIDAD PEDAGOGÍA TERAPÉUTICA,COMPLETA,SAUCILLO,010822_vacantes_cc_2.pdf,1 de agosto de 2022
1,"GRADUADO/A-LICDO/A TECNOLOGÍA,ED.PLÁSTICA Y VISUAL, MATEMÁTICAS, FÍSICA Y QUÍMICA",COMPLETA,SAN ANTONIO Mª CLARET,010822_vacantes_cc_3.pdf,1 de agosto de 2022
1,GRADUADO/A-LICDO/A GEOGRAFÍA E HISTORIA,PARCIAL,SAN ANTONIO Mª CLARET,010822_vacantes_cc_3.pdf,1 de agosto de 2022
1,MAESTRO/A EDUCACIÓN INFANTIL,COMPLETA,SAN ANTONIO Mª CLARET,010822_vacantes_cc_3.pdf,1 de agosto de 2022
1,MAESTRO/A EDUCACIÓN PRIMARIA,COMPLETA,SAN ANTONIO Mª CLARET,010822_vacantes_cc_3.pdf,1 de agosto de 2022
1,MAESTRO/A INFANTIL,PARCIAL,CERVANTES,010921_vacantes_cc_1.pdf,1 de septiembre de 2021
1,PROFESOR/A PT,COMPLETA,CPEIPS SAN VICENTE DE PAÚL,010921_vacantes_cc_2.pdf,1 de septiembre de 2021
1,MAESTRO/A,PARCIAL,ISABEL LA CATÓLICA,010921_vacantes_cc_3.pdf,1 de septiembre de 2021
1,INFANTIL,PARCIAL,CPEIP LA HIGUERITA,010921_vacantes_cc_4.pdf,1 de septiembre de 2021
1,MAESTRO/A ESPECIALISTA INGLÉS Y PT,PARCIAL,SANTA ROSA DE LIMA,011021_vacantes_cc_1.pdf,1 de octubre de 2021
1,GRADUADO/A PRIMARIA ATENCIÓN A LA DIVERSIDAD,COMPLETA,CREVO,011021_vacantes_cc_2.pdf,1 de octubre de 2021
1,GRADO O LICENCIATURA EN GEOGRAFÍA E HISTORIA -NIVEL B2 INCOMPLETA,COMPLETA,NUESTRA SEÑORA DE LAS NIEVES,020222_vacantes_cc_1.pdf,2 de febrero de 2022
1,ESO:ESPECIALIDAD ECONOMIA - INGLÉS B2 - MÁSTER PROFESOR,PARCIAL,SALESIANO-SAGRADO CORAZÓN- LAS PALMAS,020522_vacantes_cc_1.pdf,2 de mayo de 2022
3,MAESTRO/A DE PRIMARIA,COMPLETA,CISNEROS ALTER,020722_vacantes_cc_2.pdf,1 de julio de 2022
3,MAESTRO/A DE PRIMARIA,PARCIAL,CISNEROS ALTER,020722_vacantes_cc_2.pdf,1 de julio de 2022
1,LICENCIADO/A FÍSICA,COMPLETA,CISNEROS ALTER,020722_vacantes_cc_2.pdf,1 de julio de 2022
1,LICENCIADO/A FÍSICA,PARCIAL,CISNEROS ALTER,020722_vacantes_cc_2.pdf,1 de julio de 2022
1,LICENCIADO/A HISTORIA DEL ARTE,COMPLETA,CISNEROS ALTER,020722_vacantes_cc_2.pdf,1 de julio de 2022
1,LICENCIADO/A HISTORIA DEL ARTE,PARCIAL,CISNEROS ALTER,020722_vacantes_cc_2.pdf,1 de julio de 2022
1,LICENCIADO/A BELLAS ARTES,COMPLETA,CISNEROS ALTER,020722_vacantes_cc_2.pdf,1 de julio de 2022
2,LICENCIADO/A BELLAS ARTES,PARCIAL,CISNEROS ALTER,020722_vacantes_cc_2.pdf,1 de julio de 2022
2,LICENCIADO/A FILOLOGÍA HISPÁNICA,COMPLETA,CISNEROS ALTER,020722_vacantes_cc_2.pdf,1 de julio de 2022
2,LICENCIADO/A FILOLOGÍA HISPÁNICA,PARCIAL,CISNEROS ALTER,020722_vacantes_cc_2.pdf,1 de julio de 2022
1,LICENCIADO/A EDUCACIÓN FÍSICA,COMPLETA,CISNEROS ALTER,020722_vacantes_cc_2.pdf,1 de julio de 2022
1,LICENCIADO/A EDUCACIÓN FÍSICA,PARCIAL,CISNEROS ALTER,020722_vacantes_cc_2.pdf,1 de julio de 2022
2,MAESTRO/A EDUCACIÓN INFANTIL,COMPLETA,CISNEROS ALTER,020722_vacantes_cc_2.pdf,1 de julio de 2022
2,MAESTRO/A EDUCACIÓN INFANTIL,PARCIAL,CISNEROS ALTER,020722_vacantes_cc_2.pdf,1 de julio de 2022
1,MAESTRO/A EDUCACIÓN INFANTIL DOMINIO DE LA LENGUA,COMPLETA,VIRGEN DEL MAR,020921_vacantes_cc_1.pdf,2 de septiembre de 2021
1,MAESTRO/A EDUCACIÓN ESPECIAL E INFANTIL CON DECA,PARCIAL,PUREZA DE Mª-LOS REALEJOS,020921_vacantes_cc_2.pdf,2 de septiembre de 2021
2,PROFESOR RELIGIÓN DE LA ESO,PARCIAL,PUREZA DE Mª-LOS REALEJOS,020921_vacantes_cc_2.pdf,2 de septiembre de 2021
1,PRIMARIA CON FRANCÉS NIVEL B-2,PARCIAL,ISABEL LA CATÓLICA SAN ANTONIO,021121_vacantes_cc_2.pdf,2 de noviembre de 2021
1,MAESTRO/A ED. INFANTIL,COMPLETA,LUTHER KING SUR,021121_vacantes_cc_3.pdf,2 de noviembre de 2021
1,MAESTRO/A ED. INFANTIL CON INGLÉS B2,COMPLETA,SANTA ROSA DE LIMA,0251121_vacantes_cc_1.pdf,2 de noviembre de 2021
1,PROFESOR/A DE PRIMARIA -P.T.,COMPLETA,LUTHER KING-ARAFO,030222_vacantes_cc_1.pdf,3 de febrero de 2022
1,"LCDO/A - GRADO CC FÍSICAS, CC QUÍMICAS, BIOQUÍMICA, CC AM",COMPLETA,CAEPA RADIO ECCA,030522_vacantes_cc_1.pdf,3 de mayo de 2022
1,LICDO/A-GRADUADO/A MATEMÁTICAS(CC.EXPERIMENTALES Y D,COMPLETA,FUNDACIÓN ECCA,030522_vacantes_cc_2.pdf,3 de mayo de 2022
1,LICENCIADO/A MATEMÁTICAS/INGLÉS B2,PARCIAL,SAN ISIDRO-SALESIANOS,030921_vacantes_cc_1.pdf,3 de septiembre de 2021
1,PROFESOR/A PRIMARIA,PARCIAL,CPEIPS SAN VICENTE DE PAÚL,030921_vacantes_cc-3.pdf,3 de septiembre de 2021
1,MAESTRO/A ED. PRIMARIA CON PSICOPEDAGOGÍA PARA PT Y OR,COMPLETA,CERVANTES,031121_vacantes_cc_1.pdf,3 de noviembre de 2021
1,MAESTRO/A ED. PRIMARIA ESP. INGLÉS CON B-2,COMPLETA,CERVANTES,031121_vacantes_cc_1.pdf,3 de noviembre de 2021
1,DIPLOMADO MAGISTERIO: EDUCACIÓN PRIMARIA- B2 INGLÉS,COMPLETA,CPEIPS LOS ÁNGELES,031121_vacantes_cc_2.pdf,3 de noviembre de 2021
1,"MATEMÁTICAS, BIOLOGÍA, FÍSICA Y QUÍMICA-EDU.SECUNDARIA",COMPLETA,CPEIPS LA SALLE ARUCAS,031121_vacantes_cc_3.pdf,3 de noviembre de 2021
1,LICENCIADO/A FÍSICA,COMPLETA,CHAMBERÍ,040122_vacantes_cc_1.pdf,4 de enero de 2022
1,GRADO EDUCACIÓN INFANTIL/DECA,COMPLETA,ADONAI,040722_vacantes_cc.pdf,4 de julio de 2022
1,GRADO EDUCACIÓN PRIMARIA ESPECIALIDAD MÚSICA/DECA,COMPLETA,ADONAI,040722_vacantes_cc.pdf,4 de julio de 2022
1,GRADO EDUCACIÓN PRIMARIA ESPECIALIDAD MÚSICA/DECA,PARCIAL,ADONAI,040722_vacantes_cc.pdf,4 de julio de 2022
1,GRADO LENGUAS MODERNAS(INGLÉS/FRANCÉS) MÁSTER PROF.,PARCIAL,ADONAI,040722_vacantes_cc.pdf,4 de julio de 2022
1,GRADO O INGENIERÍA EN CC EXPERIMENTALES/MÁSTER PROF.,PARCIAL,ADONAI,040722_vacantes_cc.pdf,4 de julio de 2022
1,FILOLOGÍA INGLESA,PARCIAL,SANTA ISABEL DE HUNGRIA,050522_vacantes_cc_1.pdf,5 de mayo de 2022
1,GRADO GEOGRAFÍA E HISTORIA-MÁSTER PROFESORADO B2 INGLÉS,PARCIAL,CPEIPS MARÍA AUXILIADORA-TELDE,050722_vacantes_cc_1.pdf,5 de julio de 2022
1,LICENCIADO/A PSICOLOGÍA,PARCIAL,VIRGEN DEL MAR,051021_vacantes_cc_3.pdf,5 de octubre de 2021
1,MAESTRO/A DE ED. PRIMARIA CON CERTIFICACIÓN EN INGLÉS Y CPARCIAL,PARCIAL,DOMINICAS VISTABELLA,051021_vavantes_cc_1.pdf,5 de octubre de 2021
1,GRADO EDUCACIÓN INFANTIL,COMPLETA,JUAN RAMÓN JIMÉNEZ,051021_vavantes_cc_2.pdf,5 de octubre de 2021
1,GRADO EDUCACIÓN PRIMARIA,COMPLETA,JUAN RAMÓN JIMÉNEZ,051021_vavantes_cc_2.pdf,5 de octubre de 2021
1,ED. SECUNDARIA MATEMÁTICAS Y TECNOLOGÍA,PARCIAL,NTRA. SRA. DEL BUEN CONSEJO-LA LAGUNA,051121_vacantes_cc_1.pdf,5 de noviembre de 2021
1,GRADUADA EN EDUCACIÓN PRIMARIA,PARCIAL,COLEGIO NTRA. SRA. DEL PILAR,051121_vacantes_cc_2.pdf,5 de noviembre de 2021
1,PROFESOR /A MÚSICA PARA ED. SECUNDARIA CON CAP O MÁSTEPARCIAL,PARCIAL,RODRIGUEZ CAMPOS,051121_vacantes_cc_3.pdf,5 de noviembre de 2021
1,DIBUJO ESO,PARCIAL,COLEGIO SANTA TERESA DE JESÚS,060422_vacantes_cc_1.pdf,6 de abril de 2022
1,MATEMÁTICAS/FÍSICA Y QUÍMICA-ESO,PARCIAL,CPEIPS SANTA TERESA DE JESÚS,060722_vacantes_cc_1.pdf,6 de julio de 2022
1,RELIGIÓN-ESO,PARCIAL,CPEIPS SANTA TERESA DE JESÚS,060722_vacantes_cc_1.pdf,6 de julio de 2022
1,GEOGRAFÍA E HISTORIA-ESO,PARCIAL,CPEIPS SANTA TERESA DE JESÚS,060722_vacantes_cc_1.pdf,6 de julio de 2022
2,GRADUADO/A EDUCACIÓN INFANTIL CON INGLÉS (B2 o C1),COMPLETA,HOGAR ESCUELA Mª AUXILIADORA,060722_vacantes_cc_2.pdf,6 de julio de 2022
2,GRADUADO/A EDUCACIÓN PRIMARIA ESP. INGLÉS Y B2 o C1,PARCIAL,HOGAR ESCUELA Mª AUXILIADORA,060722_vacantes_cc_2.pdf,6 de julio de 2022
1,"GRADUADO/A ED.PRIMARIA, MENCIÓN EN ATENCIÓN A LA DIVERSIDAD Y PEDAGOGÍA TERAPÉUTICA CON INGLÉS (B2 o C1)",PARCIAL,HOGAR ESCUELA Mª AUXILIADORA,060722_vacantes_cc_2.pdf,6 de julio de 2022
1,GRADUADO/A ESTUDIOS INGLESES Y MÁSTER PROFESORADO,PARCIAL,HOGAR ESCUELA Mª AUXILIADORA,060722_vacantes_cc_2.pdf,6 de julio de 2022
1,GRADUADO/A LENGUA Y LITERATURA ESPAÑOLA CON INGLÉS (B2 o C1) Y MÁSTER PROFESORADO,PARCIAL,HOGAR ESCUELA Mª AUXILIADORA,060722_vacantes_cc_2.pdf,6 de julio de 2022
1,GRADUADO/A GEOGRAFÍA E Ha/ INGLÉS(B2 o C1)/MASTER PROF.,PARCIAL,HOGAR ESCUELA Mª AUXILIADORA,060722_vacantes_cc_2.pdf,6 de julio de 2022
1,GRADUADO/A INGENIERÍA INFORMÁTICA/MÁSTER PROF.,PARCIAL,HOGAR ESCUELA Mª AUXILIADORA,060722_vacantes_cc_2.pdf,6 de julio de 2022
2,TÉCNICO SUPERIOR DIRECCIÓN COCINA/MÁSTER PROF.,PARCIAL,HOGAR ESCUELA Mª AUXILIADORA,060722_vacantes_cc_2.pdf,6 de julio de 2022
1,LICENCIADO/A INGLÉS,PARCIAL,HISPANO,060921_vacantes_cc_1.pdf,6 de septiembre de 2021
1,LICENCIADO/A FRANCÉS,PARCIAL,HISPANO,060921_vacantes_cc_1.pdf,6 de septiembre de 2021
1,TECNOLOGÍA,PARCIAL,HISPANO,060921_vacantes_cc_1.pdf,6 de septiembre de 2021
1,LICENCIADO/A ARTES PLÁSTICAS,PARCIAL,HISPANO,060921_vacantes_cc_1.pdf,6 de septiembre de 2021
1,PROFESOR/A PRIMARIA ESPECIALIDAD MÚSICA,PARCIAL,CPEIPS SAN VICENTE DE PAÚL,060921_vacantes_cc_2.pdf,6 de septiembre de 2021
1,LICENCIADO/A-GRADUADO/A INGLÉS CON FRANCÉS,PARCIAL,ADONAI,060921_vacantes_cc_3.pdf,6 de septiembre de 2021
1,DIPLOMATURA EN MAGISTERIO,COMPLETA,LOS ÁNGELES,061021_vacantes_cc_1.pdf,6 de octubre de 2021
1,DIPLOMATURA EN MAGISTERIO,COMPLETA,LOS ÁNGELES,061021_vacantes_cc_2.pdf,6 de octubre de 2021
1,EDUCACIÓN SECUNDARIA ESPECIALIDAD GEOGRÍA E HISTORIA,PARCIAL,COLEGIO SAUCILLO,061021_vacantes_cc_4.pdf,6 de octubre de 2021
1,LICENCIADO/A EN MATEMÁTICAS,PARCIAL,LUTHER KING SAN MIGUEL,070222_vacantes_cc_1.pdf,7 de febrero de 2022
1,PROFESOR DE FÍSICA PARA EDUCACIÓN SECUNDARIA,COMPLETA,CPEIPS SANTA MARÍA DE LOS VOLCANES,070222_vacantes_cc_2.pdf,7 de febrero de 2022
1,MAESTRO DE EDUCACIÓN INFANTIL-ESPECIALIDAD INGLÉS,COMPLETA,CPEIPS SANTA MARÍA DE LOS VOLCANES,070222_vacantes_cc_2.pdf,7 de febrero de 2022
1,GRADO EN CIENCIAS DE LA ACTIVIDAD FÍSICA Y DEL DEPORTE-CE,PARCIAL,LA MILAGROSA,070322_vacantes_cc_1.pdf,7 de marzo de 2022
1,E.PRIMARIA INGLÉS - B2 INGLÉS - DECA,PARCIAL,SALESIANOS - SAGRADO CORAZÓN DE JESÚS,070322_vacantes_cc_2.pdf,7 de marzo de 2022
1,"DIPLOMADO/A,GRADUADO/A EDUCACIÓN INFANTIL",COMPLETA,TACORONTE,070722_vacantes_cc_1.pdf,7 de julio de 2022
1,"DIPLOMADO/A,GRADUADO/A ED INFANTIL/INGLÉS/APOYO",PARCIAL,TACORONTE,070722_vacantes_cc_1.pdf,7 de julio de 2022
3,"DIPLOMADOS/AS,GRADUADO/A EDUCACIÓN PRIMARIA",PARCIAL,TACORONTE,070722_vacantes_cc_1.pdf,7 de julio de 2022
2,"DIPLOMADOS/AS,GRADUADO/A EDUCACIÓN PRIMARIA",COMPLETA,TACORONTE,070722_vacantes_cc_1.pdf,7 de julio de 2022
1,"LICENCIADO/A,GRADUADO/A MATEMÁTICAS",PARCIAL,TACORONTE,070722_vacantes_cc_1.pdf,7 de julio de 2022
1,"LICENCIADO/A,GRADUADO/A BIOLOGÍA/FÍSICA Y QUÍMICA",PARCIAL,TACORONTE,070722_vacantes_cc_1.pdf,7 de julio de 2022
1,"LICENCIADO/A,GRADUADO/A EDUCACIÓN FÍSICA",PARCIAL,TACORONTE,070722_vacantes_cc_1.pdf,7 de julio de 2022
1,MAESTRO/A LCDO./A.  EDUCACIÓN FÍSICA/INGLÉS C1,COMPLETA,HISPANO-INGLÉS,070722_vacantes_cc_2.pdf,7 de julio de 2022
1,MAESTRO/A INFANTIL/INGLÉS C1,COMPLETA,HISPANO-INGLÉS,070722_vacantes_cc_2.pdf,7 de julio de 2022
1,MAESTRO/A PRIMARIA/INGLÉS C1,COMPLETA,HISPANO-INGLÉS,070722_vacantes_cc_2.pdf,7 de julio de 2022
1,LICENCIADO/A FRANCÉS Y C1 FRANCÉS,COMPLETA,HISPANO-INGLÉS,070722_vacantes_cc_2.pdf,7 de julio de 2022
1,"LCDO/A O Go HISTORIA, GEOGRAFIA,Ha ARTE,HUMANIDADES, AN",COMPLETA,CAEPA RADIO ECCA,071021_vacantes_cc_1.pdf,7 de octubre de 2021
1,MAESTRO/A ED. INFANTIL,COMPLETA,CHAMBERÍ,071021_vacantes_cc_2.pdf,7 de octubre de 2021
1,EDUCACIÓN SECUNDARIA ESPEC.- MATEMÁTICAS-TECNOLOGÍA,PARCIAL,COLEGIO SAUCILLO,071021_vacantes_cc_3.pdf,7 de octubre de 2021
1,GRADO ESTUDIOS INGLESES,PARCIAL,ACAYMO-LA CANDELARIA,071221_vacantes_cc_1.pdf,3 de diciembre de 2021
1,FRANCÉS,PARCIAL,JUAN RAMÓN JIMÉNEZ,080322_vacantes_cc_1.pdf,8 de marzo de 2022
1,MAESTRO/A EDUCACIÓN ESPECIAL O MAESTRO/A AUDICIÓN Y L,COMPLETA,TIPCI,080722_vacantes_cc_1.pdf,8 de julio de 2022
1,PROFESOR/A MÚSICA EDUCACIÓN SECUNDARIA-MÁSTER PROFE,PARCIAL,LA SALLE - ARUCAS,080722_vacantes_cc_2.pdf,8 de julio de 2022
1,PROFESOR/A EDUCACIÓN PRIMARIA,PARCIAL,LA SALLE - ARUCAS,080722_vacantes_cc_2.pdf,8 de julio de 2022
1,LCDO/A EN CC SALUD-MÁSTER PROFESORADO: FÍSICA/QUÍMICA,PARCIAL,JESUS SACRAMENTADO - GÁLDAR,080722_vacantes_cc_3.pdf,8 de julio de 2022
1,GRADO MAESTRO/EDUCACIÓN INFANTIL,COMPLETA,COLEGIO CHAMBERÍ,080722_vacantes_cc_4.pdf,8 de julio de 2022
1,GRADO EN LENGUA Y LITERATURA ESPAÑOLA,PARCIAL,COLEGIO CHAMBERÍ,080722_vacantes_cc_4.pdf,8 de julio de 2022
1,PEDAGOGÍA TERAPEUTICA PRIMARIA EDUCACIÓN ESPECIAL,COMPLETA,SAN IGNACIO DE LOYOLA,081021_vacantes_cc_1.pdf,8 de octubre de 2021
1,MAESTRO/A PRIMARIA EDUCACIÓN FÍSICA-INGLÉS B2,PARCIAL,RAMIRO DE MAEZTU,081021_vacantes_cc_2.pdf,8 de octubre de 2021
1,FILOLOGÍA INGLESA O TRADUCTORES E INTÉRPRETES - MÁSTER P,COMPLETA,SAN IGNACIO DE LOYOLA,081021_vacantes_cc_3.pdf,8 de octubre de 2021
1,"LICENCIADO/A LENGUA INGLESA, CON MÁSTER EN FORMACIÓN",PARCIAL,PUREZA DE MARIA,081121_vacantes_cc_1.pdf,8 de noviembre de 2021
1,EDUCACIÓN PRIMARIA,COMPLETA,CPEIPS JUAN RAMÓN JIMENEZ,081121_vacantes_cc_2.pdf,8 de noviembre de 2021
1,PROFESOR/A ESO - GRADO O LICENCIATURA EN MÚSICA - MÁSTE,PARCIAL,NUESTRA SEÑORA DE LAS NIEVES,090322_vacantes_cc_1.pdf,9 de marzo de 2022
1,GRADO EDUCACIÓN INFANTIL-B2 INGLÉS-DECA,COMPLETA,CPEIPS MARÍA AUXILIADORA - TELDE,090622_vacantes_cc_1.pdf,9 de junio de 2022
2,GRADO EDUCACIÓN INFANTIL-B2 INGLÉS-DECA,PARCIAL,CPEIPS MARÍA AUXILIADORA - TELDE,090622_vacantes_cc_1.pdf,9 de junio de 2022
1,GRADO EDUCAC.PRIMARIA (LENGUA INGLESA)-B2 INGLÉS-DECA,COMPLETA,CPEIPS MARÍA AUXILIADORA - TELDE,090622_vacantes_cc_1.pdf,9 de junio de 2022
6,GRADO EDUCACIÓN PRIMARIA-B2 INGLÉS-DECA,PARCIAL,CPEIPS MARÍA AUXILIADORA - TELDE,090622_vacantes_cc_1.pdf,9 de junio de 2022
1,GRADO EDUC.PRIMARIA (LENGUA FRANCÉS)-B2 FRANCÉS-DECA,PARCIAL,CPEIPS MARÍA AUXILIADORA - TELDE,090622_vacantes_cc_1.pdf,9 de junio de 2022
2,GRADO TRADUCCIÓN E INTERPRETACIÓN:INGLÉS; GRADO EN,PARCIAL,CPEIPS MARÍA AUXILIADORA - TELDE,090622_vacantes_cc_1.pdf,9 de junio de 2022
2,GRADO INGENIERÍA O ARQUITECTURA-MÁSTER PROFESORADO,PARCIAL,CPEIPS MARÍA AUXILIADORA - TELDE,090622_vacantes_cc_1.pdf,9 de junio de 2022
2,GRADO EN PEDAGOGÍA-PSICOLOGÍA-LICENCIATURA PSICOPE-,PARCIAL,CPEIPS MARÍA AUXILIADORA - TELDE,090622_vacantes_cc_1.pdf,9 de junio de 2022
1,LICENCIADO/A-GRADUADO/A FRANCÉS,PARCIAL,NªSRA. DEL BUEN CONSEJO DE ICOD,090921_vacantes_cc_1.pdf,9 de septiembre de 2021
1,LICENCIADO/O FÍSICA/DECA/INGLÉS B2,COMPLETA,SAN JUAN BOSCO,090921_vacantes_cc_2.pdf,9 de septiembre de 2021
1,MAESTRO/A PRIMARIA ATENCIÓN A LA DIVERSIDAD (pt),COMPLETA,"NAZARET",090921_vacantes_cc_3.pdf,9 de septiembre de 2021
1,GRADO ED.PRIMARIA MENCIÓN ATENCIÓN A LA DIVERSIDAD,COMPLETA,CREVO,090921_vacantes_cc_4.pdf,9 de septiembre de 2021
1,MAESTRO/A PRIMARIA ESPECIALIDAD INGLÉS,COMPLETA,CHAMBERÍ,091221_vacantes_cc_1.pdf,9 de diciembre de 2021
1,LICENCIADO/A-GRADUADO/A FILOLOGÍA HISPÁNICA,COMPLETA,CHAMBERÍ,100121_vacantes_cc_2.pdf,10 de enero de 2022
1,GRADO EN EDUCACIÓN PRIMARIA (INGLÉS),PARCIAL,NTRA.SRA. DEL BUEN CONSEJO-LA LAGUNA,100122_vacantes_cc_3.pdf,10 de enero de 2022
1,GRADO EN EDUCACIÓN INFANTIL (INGLÉS),PARCIAL,NTRA.SRA. DEL BUEN CONSEJO-LA LAGUNA,100122_vacantes_cc_3.pdf,10 de enero de 2022
1,LICENCIATURA O GRADO CIENCIAS SOCIALES,PARCIAL,ECHEYDE II,100322_vacantes_cc_1.pdf,10 de marzo de 2022
1,PEDAGOGÍA TERAPÉUTICA,PARCIAL,HISPANO,100921_vacantes_cc_1.pdf,10 de septiembre de 2021
1,DIPLOMADO/A MAGISTERIO  EDUCACIÓN PRIMARIA,COMPLETA,LOS ÁNGELES,100921_vacantes_cc_2.pdf,10 de septiembre de 2021
1,MAESTRO/A-GRADUADO/A PRIMARIA ESP.LENGUA EXTRANJERA INGLÉS C1/DECA,COMPLETA,SAN JUAN BOSCO,100921_vacantes_cc_3.pdf,10 de septiembre de 2021
1,MAESTRO/A MENCIÓN PEDAGOGÍA TERAPÉUTICA,COMPLETA,DECROLY,100921_vacantes_cc_4.pdf,10 de septiembre de 2021
1,LCDO/A TRADUCTORES E INTÉRPRETES - ESP ALEMÁN - MÁSTER,PARCIAL,MARPE ALTAVISTA,101121_vacantes_cc_1.pdf,10 de noviembre de 2021
1,LICENCIADO/A GRADO FILOLOGÍA FRANCESA,COMPLETA,MAINLOP,101221_vacantes_cc_1.pdf,10 de diciembre de 2021
1,LICDO./A  CIENCIAS FÍSICAS(IMPARTIR MATEMÁTICAS)INGLÉSB2,PARCIAL,SAN ISIDRO-SALESIANOS,110222_vacantes_cc_1.pdf,11 de febrero de 2022
1,MAESTRO/A ED. PRIMARIA ESPECIALIDAD ED. FÍSICA,COMPLETA,RODRÍGUEZ CAMPOS,110322_vacantes_cc_2.pdf,11 de marzo de 2022
1,PROFESOR /A DE FRANCÉS PARA SECUNDARIA,PARCIAL,CERVANTES,110322_vacantes_cc.pdf,11 de marzo de 2022
1,MAESTRO/A EDUCACIÓN ESPECIAL,COMPLETA,ESCUELITA DE ILUSIONES,110522_vacantes_cc_1.pdf,11 de mayo de 2022
1,PROFESORA DE ALEMÁN PARA EDUCACIÓN SECUNDARIA,COMPLETA,CPEIPS SANTA MARÍA DE LOS VOLCANES,110722_vacantes_cc_1.pdf,11 de julio de 2022
3,MAESTRO DE EDUCACIÓN PRIMARIA,COMPLETA,CPEIPS SANTA MARÍA DE LOS VOLCANES,110722_vacantes_cc_1.pdf,11 de julio de 2022
1,GRADO EDUCACIÓN FÍSICA - SECUNDARIA- INGLÉS B2 O C1 - MÁ,PARCIAL,NUESTRA SEÑORA DE LAS NIEVES,111021_vacantes_cc_1.pdf,11 de octubre de 2021
1,MAESTRO/A ED. PRIMARIA -INGLÉS,PARCIAL,ECHEYDE II,111021_vacantes_cc_3.pdf,11 de octubre de 2021
1,MÚSICA PARA ESO - MÁSTER PROFESORADO,PARCIAL,SAGRADO CORAZÓN - PTO ROSARIO,111021_vacantes_cc_4.pdf,11 de octubre de 2021
1,LICENCIATURA/GRADO EN ED. FÍSICA PARA SECUNDARIA,PARCIAL,ECHEYDE II,111021_vacantes_cc-5.pdf,11 de octubre de 2021
1,MAESTRO EDUCACIÓN INFANTIL,COMPLETA,CPEIPS SANTA MARÍA DE LOS VOLCANES,120122_vacantes_cc_1.pdf,12 de enero de 2022
1,GRADUADO/A EN QUÍMICAS,COMPLETA,DOMINICAS VISTABELLA,120122_vacantes_cc_2.pdf,12 de enero de 2022
1,ED. PRIMARIA - ESP. EDUCACIÓN FÍSICA - B2,PARCIAL,NUESTRA SEÑORA DEL PILAR-GUANARTEME,12052022_vacantes_cc_1.pdf,12 de mayo de 2022
1,GRADO EN LENGUAS MODERNAS (INGLÉS Y FRANCÉS)-MÁSTER P,PARCIAL,NUESTRA SEÑORA DEL PILAR-GUANARTEME,12052022_vacantes_cc_1.pdf,12 de mayo de 2022
1,INFANTIL,COMPLETA,CPEIPS SANTA TERESA DE JESÚS,120522_vacantes_cc_2.pdf,12 de mayo de 2022
1,LICENCIADO/A FRANCÉSB2,PARCIAL,ISABEL LA CATÓLICA,120722_vacantes_cc_1.pdf,12 de julio de 2022
1,LICENCIADO/A GEOGRAFÍA E HISTORIA,PARCIAL,ISABEL LA CATÓLICA,120722_vacantes_cc_1.pdf,12 de julio de 2022
1,PRIMARIA INGLÉS B2,PARCIAL,ISABEL LA CATÓLICA,120722_vacantes_cc_1.pdf,12 de julio de 2022
1,PRIMARIA,PARCIAL,ISABEL LA CATÓLICA,120722_vacantes_cc_1.pdf,12 de julio de 2022
1,INFANTIL INGLÉS B2,PARCIAL,ISABEL LA CATÓLICA,120722_vacantes_cc_1.pdf,12 de julio de 2022
1,"LICENCIADO/A BIOLOGÍA, MATEMÁTICAS",PARCIAL,ISABEL LA CATÓLICA,120722_vacantes_cc_1.pdf,12 de julio de 2022
1,PEDAGOGÍA TERAPÉUTICA,COMPLETA,COLEGIO SAUCILLO,121121_vacantes_cc.pdf,12 de noviembre de 2021
1,HISTROIA-ECONOMÍA-INGLÉS SECUNDARIA,,"NAZARET-LOS REALEJOS",130122_vacantes_cc_1.pdf,13 de enero de 2022
1,"GRADO EDUCACIÓN INFANTIL, ESPECIALIDAD INGLÉS, DECA",PARCIAL,COLEGIO SALESIANAS SAN JUAN BOSCO,13062022_vacantes_cc_1.pdf,13 de junio de 2022
1,GRADO EDUCACIÓN INFANTIL,COMPLETA,COLEGIO SALESIANAS SAN JUAN BOSCO,13062022_vacantes_cc_1.pdf,13 de junio de 2022
3,"GRADO EDUCACIÓN PRIMARIA, B2 INGLÉS, DECA",PARCIAL,COLEGIO SALESIANAS SAN JUAN BOSCO,13062022_vacantes_cc_1.pdf,13 de junio de 2022
1,"GRADO EDUCACIÓN PRIMARIA, ESPECIALIDAD INGLÉS CON B2",PARCIAL,COLEGIO SALESIANAS SAN JUAN BOSCO,13062022_vacantes_cc_1.pdf,13 de junio de 2022
1,"GRADO EDUCACIÓN PRIMARIA, ESPCIALIDAD FRANCÉS CON B2 Y B2 EN INGLÉS",PARCIAL,COLEGIO SALESIANAS SAN JUAN BOSCO,13062022_vacantes_cc_1.pdf,13 de junio de 2022
1,"GRADO EDUCACIÓN PRIMARIA, ESPEC. EDUCACIÓN ESPECIAL",PARCIAL,COLEGIO SALESIANAS SAN JUAN BOSCO,13062022_vacantes_cc_1.pdf,13 de junio de 2022
1,GRADO LENGUAS MODERNAS INGLÉS-FRANCÉS,PARCIAL,COLEGIO SALESIANAS SAN JUAN BOSCO,13062022_vacantes_cc_1.pdf,13 de junio de 2022
1,"GRADO INGENIERÍA TELECOMUNICACIONES, ELÉCTRICA O ARQUITECTURA",PARCIAL,COLEGIO SALESIANAS SAN JUAN BOSCO,13062022_vacantes_cc_1.pdf,13 de junio de 2022
1,GRADO INGENIERÍA INFORMÁTICA O TELECOMUNICACIONES,PARCIAL,COLEGIO SALESIANAS SAN JUAN BOSCO,13062022_vacantes_cc_1.pdf,13 de junio de 2022
1,GRADO BELLAS ARTES O ARQUITECTURA CON C1 INGLÉS,PARCIAL,COLEGIO SALESIANAS SAN JUAN BOSCO,13062022_vacantes_cc_1.pdf,13 de junio de 2022
1,GRADO EN GEOGRAFÍA E HISTORIA CON C1 INGLÉS,PARCIAL,COLEGIO SALESIANAS SAN JUAN BOSCO,13062022_vacantes_cc_1.pdf,13 de junio de 2022
1,GRADO CIENCIAS ACTIVIDAD FÍSICA Y DEPORTE CON C1 INGLÉS,PARCIAL,COLEGIO SALESIANAS SAN JUAN BOSCO,13062022_vacantes_cc_1.pdf,13 de junio de 2022
1,"GRADO PSICOPEDAGOGÍA, PSICOLOGÍA O PEDAGOGÍA",PARCIAL,COLEGIO SALESIANAS SAN JUAN BOSCO,13062022_vacantes_cc_1.pdf,13 de junio de 2022
2,GRADO EDUCACIÓN INFANTIL/INGLÉS B2/DECA,COMPLETA,COLEGIO MARÍA AUXILIADORA,130622_vacantes_cc_2.pdf,13 de junio de 2022
4,GRADO ED.PRIMARIA/INGLÉS B2/DECA,PARCIAL,COLEGIO MARÍA AUXILIADORA,130622_vacantes_cc_2.pdf,13 de junio de 2022
1,GRADO PRIMARIA ATENCIÓN DIVERSIDAD/INGLÉS B2/DECA,PARCIAL,COLEGIO MARÍA AUXILIADORA,130622_vacantes_cc_2.pdf,13 de junio de 2022
1,GRADO PRIMARIA/INGLÉS B2/DECA,COMPLETA,COLEGIO MARÍA AUXILIADORA,130622_vacantes_cc_2.pdf,13 de junio de 2022
1,LDO.GRADO LENGUA ESPAÑOLA Y LITERATURA/MÁSTER FORM. PROFESORADO/INGLÉS B2-C1,PARCIAL,COLEGIO MARÍA AUXILIADORA,130622_vacantes_cc_2.pdf,13 de junio de 2022
1,LDO.INGENIERO/GRADO MATEMÁTICAS ESO/MÁSTER FORMAC. PROFESORADO/INGLÉS B2-C1,PARCIAL,COLEGIO MARÍA AUXILIADORA,130622_vacantes_cc_2.pdf,13 de junio de 2022
1,LDO.GRADO TEOLOGÍA-CIENCIAS RELIGIOSAS/MÁSTER FORM. PROFESORADO/DECA ESO,PARCIAL,COLEGIO MARÍA AUXILIADORA,130622_vacantes_cc_2.pdf,13 de junio de 2022
1,GRADO EN QUÍMICA - GRADO EN FÍSICA - INGENIERÍA - MÁSTER DCOMPLETA,COMPLETA,NUESTRA SEÑORA DEL PILAR -GUANARTEME,130722_vacantes_cc_1.pdf,13 de julio de 2022
1,DIPLOMADO/GRADO PRIMARIA INGLÉS B2-C1/DECA,PARCIAL,CPEIPS MARÍA AUXILIADORA,130722_vacantes_cc_2.pdf,13 de julio de 2022
1,MAESTRO/A DE INFANTIL,COMPLETA,CPEIPS SAN PABLO,130722_vacantes_cc_3.pdf,13 de julio de 2022
1,MAESTRO/A DE INFANTIL,PARCIAL,CPEIPS SAN PABLO,130722_vacantes_cc_3.pdf,13 de julio de 2022
1,MAESTRO/A DE INFANTIL,PARCIAL,CPEIPS SAN PABLO,130722_vacantes_cc_3.pdf,13 de julio de 2022
1,MAESTRO/A FRANCES,PARCIAL,CPEIPS SAN PABLO,130722_vacantes_cc_3.pdf,13 de julio de 2022
1,MAESTRO/A EDUCACIÓN FÍSICA,PARCIAL,CPEIPS SAN PABLO,130722_vacantes_cc_3.pdf,13 de julio de 2022
1,MAESTRO/A PT,COMPLETA,CPEIPS SAN PABLO,130722_vacantes_cc_3.pdf,13 de julio de 2022
1,PROFESOR/A MATEMÁTICAS,PARCIAL,CPEIPS SAN PABLO,130722_vacantes_cc_3.pdf,13 de julio de 2022
1,PROFESOR/A INGLÉS,PARCIAL,CPEIPS SAN PABLO,130722_vacantes_cc_3.pdf,13 de julio de 2022
1,PROFESOR/A FRANCÉS,PARCIAL,CPEIPS SAN PABLO,130722_vacantes_cc_3.pdf,13 de julio de 2022
1,PROFESOR/A LENGUA,PARCIAL,CPEIPS SAN PABLO,130722_vacantes_cc_3.pdf,13 de julio de 2022
1,PROFESOR/A BIOLOGÍA/GEOLOGÍA,PARCIAL,CPEIPS SAN PABLO,130722_vacantes_cc_3.pdf,13 de julio de 2022
1,PROFESOR/A FÍSICA Y QUÍMICA,PARCIAL,CPEIPS SAN PABLO,130722_vacantes_cc_3.pdf,13 de julio de 2022
1,PROFESOR/A GEOGRAFÍA E HISTORIA,PARCIAL,CPEIPS SAN PABLO,130722_vacantes_cc_3.pdf,13 de julio de 2022
1,PROFESOR/A TECNOLOGÍA,PARCIAL,CPEIPS SAN PABLO,130722_vacantes_cc_3.pdf,13 de julio de 2022
1,MAESTRO/A PRIMARIA,COMPLETA,CPEIPS SAN PABLO,130722_vacantes_cc_3.pdf,13 de julio de 2022
1,MAESTRO/A PRIMARIA,PARCIAL,CPEIPS SAN PABLO,130722_vacantes_cc_3.pdf,13 de julio de 2022
1,LICENCIADO/A O GRADO GEOGRAFÍA/HISTORIA CON CAP O MÁSTER FORMACIÓN DEL PROFESORADO DE ESO,PARCIAL,COLEGIO MAINLOP,130722_vacantes_cc_4.pdf,13 de julio de 2022
1,LICENCIADO/A O GRADO FILOLOGÍA FRANCESA CON CAP O MÁSTER FORMACIÓN DEL PROFESORADO DE ESO,PARCIAL,COLEGIO MAINLOP,130722_vacantes_cc_4.pdf,13 de julio de 2022
1,PROFESOR/A ESPECIALISTA EDUC. PLÁSTICA Y TECNOLOGÍA LICENCIADO/A EN BELLAS ARTES,PARCIAL,NªSRA. DEL BUEN CONSEJO DE ICOD,130921_vacantes_cc_1.pdf,13 de septiembre de 2021
2,EDUCACIÓN PRIMARIA INGLÉS,COMPLETA,LUTHER KING LA LAGUNA,130921_vacantes_cc_2.pdf,13 de septiembre de 2021
2,MAESTROS DE PRIMARIA,COMPLETA,CISNEROS ALTER,130921_vacantes_cc_3.pdf,13 de septiembre de 2021
2,MAESTROS DE PRIMARIA,PARCIAL,CISNEROS ALTER,130921_vacantes_cc_3.pdf,13 de septiembre de 2021
1,MAESTRO/A PRIMARIA FRANCÉS B-2,PARCIAL,ISABEL LA CATÓLICA,140122_vacantes_cc_1.pdf,14 de enero de 2022
1,MAESTRO/A ED. PRIMARIA ESP. MÚSICA,COMPLETA,RODRIGUEZ CAMPOS,140322_vacantes_cc_1.pdf,14 de marzo de 2022
1,EDUCACIÓN SECUNDARIA MÚSICA,PARCIAL,CPEIPS LA SALLE ANTÚNEZ,140622_vacantes_cc_1.pdf,14 de junio de 2022
1,LICENCIADO/A-GRADUADO/A GEOGRAFÍA E HISTORIA,PARCIAL,HISPANO,140921_vacantes_cc_1.pdf,14 de septiembre de 2021
1,MAESTRO EDUCACIÓN ESPECIAL,COMPLETA,CIUDAD SAN JUAN DE DIOS,140921_vacantes_cc_2.pdf,14 de septiembre de 2021
1,"MATEMÁTICAS, FÍSICA Y QUÍMICA",COMPLETA,CPEIPS SAN JOSÉ DOMINICAS,140921_vacantes_cc_3.pdf,14 de septiembre de 2021
1,MAESTRO/A PRIMARIA,PARCIAL,LA SALLE SAN ILDEFONSO,140921_vacantes_cc_5.pdf,14 de septiembre de 2021
1,LICENCIADO/A CIENCIAS FÍSICAS-INGLÉS B2,PARCIAL,SAN ISIDRO SALESIANOS,140921_vacantes_cc_6.pdf,14 de septiembre de 2021
1,LICENCIADO/A EN BELLAS ARTES O EQUIVALENTE,COMPLETA,RODRIGUEZ CAMPOS,141021_vacantes_cc-2.pdf,14 de octubre de 2021
1,MAESTRO/A ED. INFANTIL,PARCIAL,PUREZA DE Mª LA LAGUNA,141021_vacantes_cc-3.pdf,14 de octubre de 2021
1,"LCDO/A O GRADO CC FÍSICAS, CC QUÍMICAS, BIOQUÍMICAS, CC A",COMPLETA,CAEPA RADIO ECCA,141221_vacantes_cc_1.pdf,14 de diciembre de 2021
1,MAESTRO/A PRIMARIA (CTO. DE RELEVO),PARCIAL,RODRÍGUEZ CAMPOS,141221_vacantes_cc_2.pdf,14 de diciembre de 2021
1,LENGUA CASTELLANA Y LITERATURA SECUNDARIA,PARCIAL,COLEGIO SAUCILLO,150222_vacantes_cc_1.pdf,15 de febrero de 2022
1,LICENCIATURA O GRADO EN FÍSICA Y QUÍMICA PARA SECUNDAR,COMPLETA,RADIO ECCA,150322_vacantes_cc_1.pdf,15 de marzo de 2022
1,LICENCIATURA-GRADO EN MATEMÁTICAS O CIENCIAS ESO- MÁSTPARCIAL,PARCIAL,NUESTRA SEÑORA DE LAS NIEVES,15072022_vacantes_cc_1.pdf,15 de julio de 2022
1,LICENCIATURA-GRADO GEOGRAFÍA E HISTORIA - B2 O C1 INGLÉS,COMPLETA,NUESTRA SEÑORA DE LAS NIEVES,15072022_vacantes_cc_1.pdf,15 de julio de 2022
1,LICENCIATURA-GRADO EDUCACIÓN FÍSICA - B2 O C1 INGLÉS - MÁPARCIAL,PARCIAL,NUESTRA SEÑORA DE LAS NIEVES,15072022_vacantes_cc_1.pdf,15 de julio de 2022
1,LICENCIATURA-GRADO FILOLOGÍA HISPÁNICA LENGUA Y LITERATPARCIAL,PARCIAL,NUESTRA SEÑORA DE LAS NIEVES,15072022_vacantes_cc_1.pdf,15 de julio de 2022
1,PSICOPEDAGOGÍA - ORIENTACIÓN EDUCATIVA - MASTER PROFES,COMPLETA,TIPCI,150921_vacantes_cc_1.pdf,15 de septiembre de 2021
1,GRADO INGENIERÍA INFORMÁTICA O TELECOMUNICACIONES (RAMA TELEMÁTICA) CON MÁSTER DEL PROFESORADO,COMPLETA,CPEIPS SAN JUAN BOSCO,150921_vacantes_cc_2.pdf,15 de septiembre de 2021
1,GRADO BELLAS ARTES O ARQUITECTURA CON MÁSTER PROFES.,PARCIAL,CPEIPS SAN JUAN BOSCO,150921_vacantes_cc_2.pdf,15 de septiembre de 2021
1,"GRADO EDUCACIÓN PRIMARIA, B2 INGLÉS, DECA",COMPLETA,CPEIPS SAN JUAN BOSCO,150921_vacantes_cc_2.pdf,15 de septiembre de 2021
1,GRADO INGENIERÍA; ARQUITECTURA-MÁSTER PROFES.-B2 INGLÉSPARCIAL,PARCIAL,CPEIPS MARÍA AUXILIADORA-TELDE,150921_vacantes_cc_3.pdf,15 de septiembre de 2021
1,MAESTRO/A PRIMARIA,COMPLETA,NURYANA,150921_vacantes_cc_4.pdf,15 de septiembre de 2021
1,LICENCIATURA EN MATEMÁTICAS O CIENCIAS SECUNDARIA - MÁ,PARCIAL,NUESTRA SEÑORA DE LAS NIEVES,151021_vacantes_cc_1.pdf,15 de octubre de 2021
1,LICENCIATURA EN FILOLOGÍA HISPÁNICA SECUNDARIA - MÁSTER,PARCIAL,NUESTRA SEÑORA DE LAS NIEVES,151021_vacantes_cc_1.pdf,15 de octubre de 2021
1,MAESTRO/A PRIMARIA,COMPLETA,ACAYMO-LA CANDELARIA,151021_vacantes_cc_3.pdf,15 de octubre de 2021
1,"GRADO INGENIERÍA INFORMÁTICA, TELECOMUNICACIONES (RAMA TELEMÁTICA), MATEMÁTICAS- MASTER PROFESORADO",COMPLETA,COLEGIO SAN JUAN BOSCO (LAS PALMAS),151021_vacantes_cc_4.pdf,15 de octubre de 2021
1,INGLÉS PRIMARIA - B2,PARCIAL,JUAN RAMÓN JIMÉNEZ,151021_vacantes_cc_5.pdf,15 de octubre de 2021
1,MAESTRO/A PRIMARIA,PARCIAL,ISABEL LA CATÓLICA,151021_vacantes_cc_6.pdf,15 de octubre de 2021
1,LICENCIADO/A EN FILOLOGÍA,COMPLETA,PUREZA DE MARIA SANTA CRUZ,151021_vacantes_cc_7.pdf,"Page 1 of 1
Publicación de Vacantes 
 Fecha de publicación:
38006113 PUREZA DE MARIA SANTA CRUZ
NUM. VACANTES ESPECIALIDAD JORNADA
1 LICENCIADO/A EN FILOLOGÍA COMPLETA
"
1,MAESTRO/A PRIMARIA-INFANTIL/INGLÉS C1-B2,PARCIAL,RODRIGUEZ ALBERTO,151021_vacantes_cc_8.pdf,15 de octubre de 2021
1,LICENCIATURA /GRADO EN INGENIERÍA CON MÁSTER DEL PROFE,COMPLETA,PUREZA DE MARÍA- LA LAGUNA,151021_vacantes_cc-2.pdf,15 de octubre de 2021
1,FILOLOGÍA INGLÉS O GRADO LENGUAS MODERNAS INGLÉS -TRA,PARCIAL,LOS ANGELES,151121_vacantes_cc_1.pdf,15 de noviembre de 2021
1,TITULO SUPERIOR DE MÚSICA/GRADUADO/A MÚSICA,PARCIAL,MONTESSORI,151121_vacantes_cc_2.pdf,15 de noviembre de 2021
1,LICENCIADO/A EN BELLAS ARTES,,ISABEL LA CATÓLICA,160322_vacantes_cc_1.pdf,16 de marzo de 2022
1,MAESTRO/A ED. PRIMARIA CON INGLÉS,PARCIAL,SANTA ROSA DE LIMA,160921_vacantes_cc_1.pdf,16 de septiembre de 2021
1,MAESTRO/A EDUCACIÓN INFANTIL,COMPLETA,DECROLY,160921_vacantes_cc_2.pdf,16 de septiembre de 2021
1,"PROFESORA SECUNDARIA, ESPECIALIDAD INGLÉS C1",COMPLETA,CPEIPS SANTA MARÍA DE LOS VOLCANES,160921_vacantes_cc_3.pdf,16 de septiembre de 2021
1,PROFESOR/PROFESORA EDUCACIÓN PRIMARIA,COMPLETA,CPEIPS SAN ANTONIO MARÍA CLARET,170222_vacantes_cc_1.pdf,17 de febrero de 2022
1,LCDO/A RAMA MATEMÁTICAS - MÁSTER PROFESORADO,COMPLETA,MARPE - ALTAVISTA,170921__vacantes_cc_4.pdf,17 de septiembre de 2021
2,LCDO/A RAMA MATEMÁTICAS - MÁSTER PROFESORADO,PARCIAL,MARPE - ALTAVISTA,170921__vacantes_cc_4.pdf,17 de septiembre de 2021
1,LICENCIADO/A EN FILOLOGÍA INGLESA,PARCIAL,CHAMBERÍ,170921_vacantes_cc_1.pdf,17 de septiembre de 2021
1,MAESTRO/A DE INGLÉS- B2,PARCIAL,CHAMBERÍ,170921_vacantes_cc_1.pdf,17 de septiembre de 2021
1,MAESTRO/A EDUCACIÓN ESPECIAL,COMPLETA,TIPCI,170921_vacantes_cc_2.pdf,17 de septiembre de 2021
1,PROFESORA EDUCACIÓN ESPECIAL,COMPLETA,CPEIPS SANTA MARÍA DE LOS VOLCANES,170921_vacantes_cc_3.pdf,17 de septiembre de 2021
1,GRADO PRIMARIA,COMPLETA,ACAYMO,170921_vacantes_cc_5.pdf,17 de septiembre de 2021
1,GRADO PRIMARIA,COMPLETA,ACAYMO,170921_vacantes_cc_5.pdf,17 de septiembre de 2021
1,GRADO PRIMARIA,PARCIAL,ACAYMO,170921_vacantes_cc_5.pdf,17 de septiembre de 2021
1,LICENCIADO/A-GRADO LENGUA Y LITERATURA/INGLÉS B2,PARCIAL,SANTO DOMINGO,170921_vacantes_cc_6.pdf,16 de septiembre de 2021
1,PROFESORA EDUCACIÓN INFANTIL CON C1,COMPLETA,CPEIPS SANTA MARÍA DE LOS VOLCANES,170921_vacantes_cc_7.pdf,17 de septiembre de 2021
1,PRIMARIA,PARCIAL,CAEPA RADIO ECCA,171121_vacantes_cc_1.pdf,17 de noviembre de 2021
1,LICENCIADO/A EN FÍSICA,COMPLETA,CHAMBERÍ,171221_vacantes_cc_1.pdf,17 de diciembre de 2021
1,MATEMÁTICAS SECUNDARIA - MÁSTER PROFESORADO,COMPLETA,JUAN RAMÓN JIMÉNEZ,180122_vacantes_cc_1.pdf,18 de enero de 2022
2,EDUCACIÓN PRIMARIA ESP. INGLÉS,COMPLETA,LUTHER KING ARAFO,180122_vacantes_cc_2.pdf,18 de enero de 2022
1,GRADUADO/A EN HISTORIA CON MÁSTER DEL PROFESORADO Y OBSERVACIONES: CURSO ESCOLA 2022/2023,PARCIAL,PUREZA DE MARIA LOS REALEJOS,180122_vacantes_cc_3.pdf,18 de enero de 2022
1,PRIMARIA-INGLÉS,PARCIAL,COLEGIO SANTA TERESA DE JESÚS,180222_vacantes_cc_1.pdf,18 de febrero de 2022
1,FILOLOGÍA INGLESA O GRADO LENGUAS MODERNAS (INGLÉS) - T,PARCIAL,LOS ÁNGELES,180222_vacantes_cc_2.pdf,18 de febrero de 2022
1,FILOLOGÍA INGLESA O GRADO LENGUAS MODERNAS- TRADUCTOPARCIAL,PARCIAL,LOS ÁNGELES,180322_vacantes_cc_1.pdf,18 de marzo de 2022
1,LICENCIADO/A-GRADUADO/A MATEMÁTICAS-TECNOLOGÍA,COMPLETA,NUESTRA SRA. BUEN CONSEJO-ICOD,18052022_vacantes_cc_1.pdf,18 de mayo de 2022
1,MAESTRO/A INFANTIL,COMPLETA,SAN PABLO,180722_vacantes_cc_2.pdf,18 de julio de 2022
1,MAESTRO/AINFANTIL,PARCIAL,SAN PABLO,180722_vacantes_cc_2.pdf,18 de julio de 2022
1,MAESTRO/AINFANTIL,PARCIAL,SAN PABLO,180722_vacantes_cc_2.pdf,18 de julio de 2022
1,MAESTRO/A FRANCÉS,PARCIAL,SAN PABLO,180722_vacantes_cc_2.pdf,18 de julio de 2022
1,MAESTRO/A EDUCACIÓN FÍSICA,PARCIAL,SAN PABLO,180722_vacantes_cc_2.pdf,18 de julio de 2022
1,MAESTRO/A EDUCACIÓN ESPECIAL (PT),COMPLETA,SAN PABLO,180722_vacantes_cc_2.pdf,18 de julio de 2022
1,LICENCIADO/A-GRADUADO/A MATEMÁTICAS,PARCIAL,SAN PABLO,180722_vacantes_cc_2.pdf,18 de julio de 2022
1,LICENCIADO/A-GRADUADO/A INGLÉS,PARCIAL,SAN PABLO,180722_vacantes_cc_2.pdf,18 de julio de 2022
1,LICENCIADO/A-GRADUADO/A FRANCÉS,PARCIAL,SAN PABLO,180722_vacantes_cc_2.pdf,18 de julio de 2022
1,LICENCIADO/A-GRADUADO/A LENGUA,PARCIAL,SAN PABLO,180722_vacantes_cc_2.pdf,18 de julio de 2022
1,LICENCIADO/A-GRADUADO/A BIOLOGÍA-GEOLOGÍA,PARCIAL,SAN PABLO,180722_vacantes_cc_2.pdf,18 de julio de 2022
1,LICENCIADO/A-GRADUADO/A FÍSICA Y QUÍMICA,PARCIAL,SAN PABLO,180722_vacantes_cc_2.pdf,18 de julio de 2022
1,LICENCIADO/A-GRADUADO/A GEOGRAFÍA E HISTORIA,PARCIAL,SAN PABLO,180722_vacantes_cc_2.pdf,18 de julio de 2022
1,"LICDO/A-GRADUADODO/A, INGENIERO,ARQUITECTO(TECNOLOG PARCIAL",PARCIAL,SAN PABLO,180722_vacantes_cc_2.pdf,18 de julio de 2022
1,MAESTRO/A PRIMARIA,COMPLETA,SAN PABLO,180722_vacantes_cc_2.pdf,18 de julio de 2022
1,MAESTRO/A PRIMARIA,PARCIAL,SAN PABLO,180722_vacantes_cc_2.pdf,18 de julio de 2022
1,MAESTRO/A ED. INFANTIL,COMPLETA,CERVANTES,180722_vacantes_cc_3.pdf,18 de julio de 2022
1,MAESTRO/A ESP. INGLÉS,PARCIAL,CERVANTES,180722_vacantes_cc_3.pdf,18 de julio de 2022
1,MAESTRO/A INFANTIL ESP. INGLÉS B-2,PARCIAL,ESCUELAS PÍAS,180722_vacantes_cc_4.pdf,18 de julio de 2022
1,MAESTRO/A PRIMARIA INGLÉS B-2,PARCIAL,ESCUELAS PÍAS,180722_vacantes_cc_4.pdf,18 de julio de 2022
1,MAESTRO/A PRIMARIA PEDAGOGÍA TERAPÉUTICA,COMPLETA,ESCUELAS PÍAS,180722_vacantes_cc_4.pdf,18 de julio de 2022
2,ESO-MATEMÁTICAS,PARCIAL,ESCUELAS PÍAS,180722_vacantes_cc_4.pdf,18 de julio de 2022
2,ESO-TECNOLOGÍA,PARCIAL,ESCUELAS PÍAS,180722_vacantes_cc_4.pdf,18 de julio de 2022
1,FILOLOGÍA INGLÉS - GRADO EN LENGUAS MODERNAS -INGLÉS,PARCIAL,LOS ÁNGELES,181021_vacantes_cc_1.pdf,18 de octubre de 2021
1,MAESTRO/A PRIMERIA ESP. INGLÉS,COMPLETA,LUTHER KING- LA LAGUNA,181021_vacantes_cc_2.pdf,18 de octubre de 2021
1,EDUCACIÓN PRIMARIA,PARCIAL,CPEIPS LA SALLE ANTÚNEZ,181031_vacantes_cc-3.pdf,18 de octubre de 2021
1,LCDO/A-GRADUADO/A FILOLOGÍA CLÁSICA/HISPÁNICA/INGLÉS,COMPLETA,CAEPA RADIO ECCA,181121_vacantes_cc_2.pdf,18 de noviembre de 2021
1,DIPLOMADO/A  MAGISTERIO,COMPLETA,LOS ÁNGELES,190122_vacantes_cc_1.pdf,19 de enero de 2022
1,DIPLOMADO/A MAGISTERIO PRIMARIA CON FRANCÉS,PARCIAL,LOS ÁNGELES,190122_vacantes_cc_1.pdf,19 de enero de 2022
1,LCDO/A - GRADO GEOGRAFIA E HISTORIA,PARCIAL,LOS ÁNGELES,190122_vacantes_cc_1.pdf,19 de enero de 2022
1,GRADO PRIMARIA ESPECIALIDAD ATENCIÓN A LA DIVERSIDAD,COMPLETA,NUESTRA SEÑORA DEL PILAR - GUANARTEME,190122_vacantes_cc_2.pdf,19 de enero de 2022
1,LENGUA CASTELLANA Y LITERATURA-MÁSTER PROFESORADO SE,PARCIAL,NORTE,190422_vacantes_cc_1.pdf,19 de abril de 2022
1,MAESTRO/A ED. PRIMARIA CON PEDAGOGÍA TERAPÉUTICA,PARCIAL,ECHEYDE II,19052022_vacantes_cc_1.pdf,19 de mayo de 2022
1,MAESTRO/A EDUCACIÓN IFANTIL  DOMINIO LENGUA INGLESA,COMPLETA,VIRGEN DEL MAR,191021_vacantes_cc-1.pdf,19 de octubre de 2021
1,MAESTRO/A DE PRIMARIA MENCIÓN INGLÉS Y NIVEL B-2,PARCIAL,PUREZA DE MARÍA-STA. CRUZ,20042022_vacantes_cc_1.pdf,20 de abril de 2022
1,GRADO ED. PRIMARIA MENCIÓN INGLÉS B-2,COMPLETA,LA MILAGROSA,200722_vacantes_cc_1.pdf,20 de julio de 2022
1,GRADO ED- PRIMARIA,PARCIAL,LA MILAGROSA,200722_vacantes_cc_1.pdf,20 de julio de 2022
1,GRADO EN ADMÓN. Y DIRECCIÓN DE EMPRESAS O ECONÓMICAS,PARCIAL,PUREZA DE MARÍA -LOS REALEJOS,200722_vacantes_cc_2.pdf,20 de julio de 2022
1,GRADO DE MAGISTERIO ED. ESPECIAL CON DECA,COMPLETA,PUREZA DE MARÍA -LOS REALEJOS,200722_vacantes_cc_2.pdf,20 de julio de 2022
1,GRADO DE MAGISTERIO ED. ESPECIAL CON DECA,PARCIAL,PUREZA DE MARÍA -LOS REALEJOS,200722_vacantes_cc_2.pdf,20 de julio de 2022
1,GRADUADO/A MATEMÁTICAS,PARCIAL,RAMIRO DE MAEZTU,200722_vacantes_cc_3.pdf,20 de julio de 2022
1,GRADUADO/A LENGUA Y LITERATURA,PARCIAL,RAMIRO DE MAEZTU,200722_vacantes_cc_3.pdf,20 de julio de 2022
1,GRADUADO/A HISTORIA DE LA MÚSICA - MAESTRO/A PRIMARIA,PARCIAL,NUESTRA SEÑORA DEL PILAR - GUANARTEME,200921_vacantes_cc_1.pdf,20 de septiembre de 2021
1,PROFESOR SECUNDARIA RELIGIÓN - DEI O DECA,PARCIAL,SAN IGNACIO DE LOYOLA,201021_vacantes_cc_1.pdf,20 de octubre de 2021
1,MAESTRO/A EDUCACIÓN INFANTIL,COMPLETA,LA SALLE - ARUCAS,201221_vacantes_cc_1.pdf,20 de diciembre de 2021
1,LDO/A O GRADO FILOSOFÍA Y LETRAS- HUMANIDADES- CAP O M EN  LA PALMA,COMPLETA,CAEPA RADIO ECCA,201221_vacantes_cc_2.pdf,20 de diciembre de 2021
1,MAESTRO/A DE ED. PRIMARIA,PARCIAL,ECHEYDE I,201221_vacantes_cc_3.pdf,20 de diciembre de 2021
1,MAESTRO/A EDUCACIÓN ESPECIAL,COMPLETA,ACAYMO-LA CANDELARIA,2022_vacantes_cc_1.pdf,29 de junio de 2022
1,GRADUADO/A MAGISTERIO,COMPLETA,ACAYMO-LA CANDELARIA,2022_vacantes_cc_1.pdf,29 de junio de 2022
2,GRADUADO/A MAGISTERIO,PARCIAL,ACAYMO-LA CANDELARIA,2022_vacantes_cc_1.pdf,29 de junio de 2022
1,SECUNDARIA: MÚSICA,PARCIAL,ACAYMO-LA CANDELARIA,2022_vacantes_cc_1.pdf,29 de junio de 2022
1,SECUNDARIA: LENGUA Y LITERATURA,PARCIAL,ACAYMO-LA CANDELARIA,2022_vacantes_cc_1.pdf,29 de junio de 2022
1,MAESTRO/A CON MENCIÓN EN MÚSICA,PARCIAL,MAINLOP,210122_vacantes_cc_1.pdf,21 de enero de 2022
1,PROFESOR/A DE PRIMARIA CON INGLÉS,COMPLETA,LUTHER KING SUR,210122_vacantes_cc_2.pdf,21 de enero de 2022
1,LENGUA CASTELLANA Y LITERATURA-ESO,PARCIAL,COLEGIO SANTA TERESA DE JESÚS,210122_vacantes_cc_3.pdf,21 de enero de 2022
1,LICENCIADO/A PSICOLOGÍA CAP,PARCIAL,VIRGEN DEL MAR,210122_vacnates_cc_4.pdf,21 de enero de 2022
1,MAESTRO/A ESP. LENGUA EXTRANJ. FRANCÉS CON B-2,PARCIAL,MAINLOP,210222_vacantes_cc_1.pdf,21 de febrero de 2022
1,GRADO ESTUDIOS INGLESES/TRADUCCIÓN E INTERPRETACIÓN,PARCIAL,ACAYMO LA CANDELARIA,21042022_vacantes_cc_1.pdf,21 de abril de 2022
1,INGENIERO TÉCNICO INFORMÁTICA + MÁSTER PROFESORADO,PARCIAL,SOPEÑA LAS PALMAS (OSCUS),210722_vacantes_cc_1.pdf,21 de julio de 2022
2,LICENCIATURA ADMINISTRACIÓN Y DIRECCIÓN DE EMPRESAS + MPARCIAL,PARCIAL,SOPEÑA LAS PALMAS (OSCUS),210722_vacantes_cc_1.pdf,21 de julio de 2022
2,LICENCIATURA BIOLOGÍA + MÁSTER PROFESORADO,PARCIAL,SOPEÑA LAS PALMAS (OSCUS),210722_vacantes_cc_1.pdf,21 de julio de 2022
1,MAESTRO/A EDUCACIÓN PRIMARIA - ESP EDUCACIÓN FÍSICA,PARCIAL,SAN IGNACIO DE LOYOLA,210722_vacantes_cc_2.pdf,21 de julio de 2022
1,MAESTRO/A ED. INFANTIL,COMPLETA,LUTHER KING SUR,210921_vacantes_cc_1.pdf,21 de septiembre de 2021
1,PROFESOR/A DE EDUCACIÓN PRIMARIA,PARCIAL,CPEIPS SANTO DOMINGO SAVIO,210921_vacantes_cc_3.pdf,21 de septiembre de 2021
1,MAESTRO/A PRIMARIA,PARCIAL,NURYANA,211021_vacantes_cc_1.pdf,20 de octubre de 2021
1,GRADO PRIMARIA/ATENCIÓN DIVERSIDAD/PSICOPE.-INGLÉS B2,PARCIAL,COLEGIO MARÍA AUXILIADORA,211021_vacantes_cc_2.pdf,21 de octubre de 2021
1,LICENCIADO/A EN FRANCÉS Y LATÍN,COMPLETA,STA. ROSA DE LIMA -DOMINICAS,220222_vacantes_cc_1.pdf,22 de febrero de 2022
1,MAESTRO/A ED. PRIMARIA,COMPLETA,CHAMBERÍ,220322_vacantes_cc_1.pdf,22 de marzo de 2022
1,PROFESOR/A DE MATEMÁTICAS Y TECNOLOGÍA,PARCIAL,PUREZA DE MARÍA- LOS REALEJOS,22042022_vacantes_cc_1.pdf,22 de abril de 2022
1,PROFESOR/A DE FÍSICA Y QUÍMICA,,PUREZA DE MARÍA- LOS REALEJOS,22042022_vacantes_cc_1.pdf,22 de abril de 2022
1,SECUNDARIA-CIENCIAS Y TECNOLOGÍA,COMPLETA,COLEGIO SAN JOSÉ FESD,220722_vacantes_cc_1.pdf,22 de julio de 2022
1,SECUNDARIA-SOCIALES,PARCIAL,COLEGIO SAN JOSÉ FESD,220722_vacantes_cc_1.pdf,22 de julio de 2022
1,INFANTIL-INGLÉS,PARCIAL,COLEGIO SAN JOSÉ FESD,220722_vacantes_cc_1.pdf,22 de julio de 2022
1,PRIMARIA-INGLÉS,PARCIAL,COLEGIO SAN JOSÉ FESD,220722_vacantes_cc_1.pdf,22 de julio de 2022
1,SECUNDARIA-RELIGIÓN,PARCIAL,COLEGIO SAN JOSÉ FESD,220722_vacantes_cc_1.pdf,22 de julio de 2022
1,GRADO EN ESTUDIOS INGLESES Y NIVEL C-2 DE INGLÉS Y C1 DE A,PARCIAL,PUREZA DE MARÍA- LOS REALEJOS,220722_vacantes_cc_2.pdf,22 de julio de 2022
1,MAESTRO/A DE PRIMARIA INGLÉS B2,COMPLETA,RAMIRO DE MAEZTU,220722_vacantes_cc_3.pdf,22 de julio de 2022
1,MAESTRO/A DE PRIMARIA INGLÉS B2,PARCIAL,RAMIRO DE MAEZTU,220722_vacantes_cc_3.pdf,22 de julio de 2022
1,MAESTRO/A ED. PRIMARIA -INGLÉS C1-DECA- CONOCIMIENTOS DPARCIAL,PARCIAL,PUREZA DE MARÍA- LOS REALEJOS,220921_vacante_cc_1.pdf,22 de septiembre de 2021
1,LICENCIATURA MATEMÁTICAS O CIENCIAS SECUNDARIA-MÁSTER,COMPLETA,NUESTRA SEÑORA DE LAS NIEVES,221021_vacantes_cc_1.pdf,22 de octubre de 2021
1,LICENCIATURA GEOGRAFÍA E HISTORIA SECUNDARIA - MÁSTER P,COMPLETA,NUESTRA SEÑORA DE LAS NIEVES,221021_vacantes_cc_1.pdf,22 de octubre de 2021
1,MAESTRO/A PRIMARIA-ESPECIALIDAD FRANCÉS,COMPLETA,CISNEROS ALTER,221121_vacantes_cc_1.pdf,22 de noviembre de 2021
1,MAESTRO/A ED- INFANTIL,PARCIAL,ECHEYDE II,221121_vacantes_cc_2.pdf,22 de noviembre de 2021
1,LICENCIATURA/GRADO FILOLOGÍA HISPÁNICA,COMPLETA,CHAMBERI,221121_vacantes_cc_3.pdf,22 de noviembre de 2021
1,LICENCIATURA O GRADO DE CIENCIAS SOCIALES,PARCIAL,ECHEYDE III,230222_vacantes_cc_1.pdf,23 de febrero de 2022
1,PEDAGOGÍA TERAPÉUTICA,COMPLETA,COLEGIO SAUCILLO,230921_vacantes_cc_2.pdf,23 de septiembre de 2021
1,EDUCACIÓN PRIMARIA,PARCIAL,COLEGIO SAUCILLO,231221_vacantes_cc_1.pdf,22 de diciembre de 2021
1,"LICENCIADO/A ESPECIALISTA EN EL ÁMBITO DE CIENCIAS(FÍSICA,",PARCIAL,DECROLY,240122_vacantes_cc_1.pdf,24 de enero de 2022
1,PROFESORA PRIMARIA CON FRANCÉS,COMPLETA,CPEIPS SAN VICENTE DE PAÚL,240122_vacantes_cc_2.pdf,24 de enero de 2022
1,MAESTRO/A EDUCACIÓN PRIMARIA CON DOMINIO DE INGLÉS,COMPLETA,VIRGEN DEL MAR,240122_vacantes_cc_3.pdf,21 de enero de 2022
1,PROFESOR/A FRANCÉS ESO,PARCIAL,CPEIPS SANTA MARÍA MICAELA,24052022_vacantes_cc_1.pdf,24 de mayo de 2022
1,"LICENCIADO/A GEOGRAFIA E HISTORIA, MÁSTER DEL PROFESORAPARCIAL",PARCIAL,MARPE ALTAVISTA,240921_vacantes_cc_1.pdf,24 de septiembre de 2021
1,PROFESOR/A EDUCACIÓN PRIMARIA,COMPLETA,CPEIPS SAN RAFAEL,240921_vacantes_cc_2.pdf,24 de septiembre de 2021
1,MAESTRO/A EDUCACIÓN INFANTIL,PARCIAL,FINCA EL MORAL,240921_vacantes_cc_3.pdf,24 de septiembre de 2021
1,MAESTRO/A PRIMARIA/MÚSICA /DECA,COMPLETA,ADONAI,240921_vacantes_cc_4.pdf,24 de septiembre de 2021
1,GRADO ED. PRIMARIA MENCIÓN INGLÉS,COMPLETA,LA MILAGROSA,241121_vacantes_cc_1.pdf,24 de noviembre de 2021
1,PROFESOR/A ED. SECUNDARIA(FÍSICA Y QUÍMICA) CON CAP O MÁPARCIAL,PARCIAL,RODRIGUEZ CAMPOS,241121_vacantes_cc_2.pdf,24 de noviembre de 2021
1,PROFESOR/A EDUCACIÓN INFANTIL EESP. MÚSICA,PARCIAL,CHAMBERÍ,250122_vacantes_cc_1.pdf,25 de enero de 2022
1,MAESTRO/A PRIMARIA,PARCIAL,ECHEYDE I,250222_vacantes_cc_1.pdf,25 de febrero de 2022
1,LCDO/GRADO GEOGRAFÍA E HISTORIA - MÁSTER PROFESORADO,PARCIAL,LOS ÁNGELES,250322_vacantes_cc_1.pdf,25 de marzo de 2022
1,LICENCIADO/A EN BELLAS ARTES (PLÁSTICA) SECUNDARIA,PARCIAL,ISABEL LA CATÓLICA,25042022_vacantes_cc_1.pdf,25 de abril de 2022
1,MAESTRO/A ED. INFANTIL,COMPLETA,CHAMBERÍ,250722_vacantes_cc_1.pdf,25 de julio de 2022
1,MAESTRO/A ED. INFANTIL Y PRIMARIA INGLÉS B2/C1,COMPLETA,RODRÍGUEZ ALBERTO,250722_vacantes_cc_2.pdf,25 de julio de 2022
2,MAESTRO/A DE PRIMARIA INGLÉS B-2/C1,COMPLETA,RODRÍGUEZ ALBERTO,250722_vacantes_cc_2.pdf,25 de julio de 2022
1,GRADUADO/A ESTUDIOS INGLESES,PARCIAL,RAMIRO DE MAEZTU,250722_vacantes_cc_3.pdf,21 de julio de 2022
1,GRADUADO/A LENGUA Y LITERATURA,PARCIAL,RAMIRO DE MAEZTU,250722_vacantes_cc_3.pdf,21 de julio de 2022
1,MAESTRO/A PRIMARIA INGLÉS B-2 -PT (PEDAGOGÍA TERAPÉUTICACOMPLETA,COMPLETA,RAMIRO DE MAEZTU,250722_vacantes_cc_4.pdf,25 de julio de 2022
1,MAESTRO/A PRIMERIA INGLÉS B-2,COMPLETA,RAMIRO DE MAEZTU,250722_vacantes_cc_4.pdf,25 de julio de 2022
1,GRADO EN PRIMARIA,PARCIAL,NUESTRA SEÑORA DEL PILAR - GUANARTEME,251021_vacantes_cc_1.pdf,25 de octubre de 2021
1,MAESTRO/A ESPECIALIDAD LENGUA EXTRANJERA -INGLÉS,COMPLETA,HOGAR ESCUELA Mª AUXILIADORA,251021_vacantes_cc_2.pdf,25 de octubre de 2021
1,LCDO/ A- GRADO EN  GEOGRAFIA E HISTORIA,PARCIAL,LOS ÁNGELES,251021_vacantes_cc_3.pdf,25 de octubre de 2021
1,GRADO EN ED. PRIMARIA MENCIÓN ATENCIÓN A LA DIVESIDAD,COMPLETA,CREVO,260722_vacantes_cc_1.pdf,26 de julio de 2022
1,MAESTRO/A PRIMARIA INGLÉS B-2,PARCIAL,RAMIRO DE MAEZTU,260722_vacantes_cc_2.pdf,26 de julio de 2022
1,MAESTRO/A PRIMARIA INGLÉS B-2,COMPLETA,RAMIRO DE MAEZTU,260722_vacantes_cc_2.pdf,26 de julio de 2022
1,MAESTRO/A PRIMARIA INGLÉS B-2 -PT (PEDAGOGÍA TERAPÉUTICACOMPLETA,COMPLETA,RAMIRO DE MAEZTU,260722_vacantes_cc_3.pdf,25 de julio de 2022
1,MAESTRO/A PRIMERIA INGLÉS B-2,COMPLETA,RAMIRO DE MAEZTU,260722_vacantes_cc_3.pdf,25 de julio de 2022
1,MAESTRO/A ED. PRIMARIA CON B2 INGLÉS,PARCIAL,ECHEYDE I,261021_vacantes_cc_1.pdf,26 de octubre de 2021
1,GRADUADO/A EN BIOLOGÍA CON NIVEL DE INGLÉS C-1,COMPLETA,SANTO DOMINGO,261121_vacantes_cc_1.pdf,26 de noviembre de 2021
1,PROFESOR/A ESO GRADO FÍSICA Y QUÍMICA - MÁSTER PROFESORCOMPLETA,COMPLETA,NUESTRA SEÑORA DE LAS NIEVES,261121_vacantes_cc_2.pdf,26 de noviembre de 2021
1,MAESTRO/A EDUCACIÓN PRIMARIA/DOMINIO LENGUA INGLESA,COMPLETA,VIRGEN DEL MAR,270122_vacantes_cc_1.pdf,27 de enero de 2022
1,MAESTRO/A EDUCACIÓN INFANTIL/DOMINIO LENGUA INGLESA,COMPLETA,VIRGEN DEL MAR,270122_vacantes_cc_1.pdf,27 de enero de 2022
1,MAESTRO/A EDUCACIÓN ESPECIAL,COMPLETA,ESCUELITA DE ILUSIONES,270122_vacantes_cc_2.pdf,27 de enero de 2022
1,LICENCIADO/A ESPECIALIDAD FRANCÉS,PARCIAL,DECROLY,270422_vacantes_cc_1.pdf,27 de abril de 2022
1,LICENCIADO/A PEDAGOGÍA,COMPLETA,DECROLY,270422_vacantes_cc_1.pdf,27 de abril de 2022
1,MAESTRO/A DE ED. PRIMARIA,COMPLETA,LA SALLE LA LAGUNA,270722_vacantes_cc_1.pdf,27 de julio de 2022
1,MAESTRO/A ED. PRIMARIA CON PEDAGOGÍA TERAPÉUTICA,PARCIAL,LA SALLE LA LAGUNA,270722_vacantes_cc_1.pdf,27 de julio de 2022
1,GRADO/LICENCIATURA EN GEOGRAFÍA E HISTORIA,COMPLETA,LA SALLE LA LAGUNA,270722_vacantes_cc_1.pdf,27 de julio de 2022
1,PROFESOR/A DE MATEMÁTICAS,COMPLETA,LUTHER KING LA LAGUNA,270921_vacantes_cc_1.pdf,27 de septiembre de 2021
1,MAESTRO/A  INGLÉS- B2,PARCIAL,CHAMBERÍ,270921_vacantes_cc_2.pdf,27 de septiembre de 2021
1,LICENCIATURA O GRADO EN FILOLOGÍA,PARCIAL,CHAMBERÍ,270921_vacantes_cc_2.pdf,27 de septiembre de 2021
1,FILOLOGÍA HISPÁNICA - INGLESA - MÁSTER PROFESORADO,PARCIAL,SAGRADO CORAZÓN - PUERTO ROSARIO,270921_vacantes_cc_3.pdf,27 de septiembre de 2021
1,EDUCACIÓN SECUNDARIA (GEOGRAFÍA E HISTORIA),PARCIAL,CPEIPS LA SALLE ANTÚNEZ,270921_vacantes_cc_4.pdf,27 de septiembre de 2021
1,ADJUNTO TALLER AULA ENCLAVE TVA,PARCIAL,ECHEYDE III,270921_vacantes_cc_5.pdf,27 de septiembre de 2021
1,MAESTRO/A EDUCACIÓN ESPECIAL,PARCIAL,ECHEYDE III,270921_vacantes_cc_6.pdf,27 de septiembre de 2021
1,LICENCIADO/A EN LENGUA Y LITERATURA,PARCIAL,ISABEL LA CATÓLICA,270921_vacantes_cc_7.pdf,27 de septiembre de 2021
1,MAESTRA/O DE PRIMARIA ESP. P.T. Y NIVEL DE INGLÉS C-1,COMPLETA,PUREZA DE MARIA-LOS REALEJOS,28042022_vacantes_cc_1.pdf,28 de abril de 2022
1,PRIMARIA,PARCIAL,COLEGIO SANTA TERESA DE JESÚS,28062022_vaantes_cc_3.pdf,28 de junio de 2022
1,GRADO ED.PRIMARIA AT.DIVERSIDAD - B2 Y DECA,COMPLETA,NUESTRA SEÑORA DEL PILAR - GUANARTEME,28062022_vacantes_cc_1.pdf,28 de junio de 2022
1,GRADO ED.INFANTIL - B2 Y DECA,COMPLETA,NUESTRA SEÑORA DEL PILAR - GUANARTEME,28062022_vacantes_cc_1.pdf,28 de junio de 2022
1,GRADO ED.INFANTIL - B2 Y DECA,PARCIAL,NUESTRA SEÑORA DEL PILAR - GUANARTEME,28062022_vacantes_cc_1.pdf,28 de junio de 2022
1,GRADO ED.PRIMARIA ESP.FRANCÉS -B2 Y DECA,PARCIAL,NUESTRA SEÑORA DEL PILAR - GUANARTEME,28062022_vacantes_cc_1.pdf,28 de junio de 2022
1,GRADO ED. PRIMARIA ESP.INGLÉS - B2 Y DECA,PARCIAL,NUESTRA SEÑORA DEL PILAR - GUANARTEME,28062022_vacantes_cc_1.pdf,28 de junio de 2022
1,GRADO ED.PRIMARIA ESP. ED.FÍSICA - B2 Y DECA,PARCIAL,NUESTRA SEÑORA DEL PILAR - GUANARTEME,28062022_vacantes_cc_1.pdf,28 de junio de 2022
1,GRADO ED.PRIMARIA ESP. MÚSICA - B2 Y DECA,PARCIAL,NUESTRA SEÑORA DEL PILAR - GUANARTEME,28062022_vacantes_cc_1.pdf,28 de junio de 2022
1,GRADO ED. PRIMARIA AT.DIVERSIDAD - B2 Y DECA,PARCIAL,NUESTRA SEÑORA DEL PILAR - GUANARTEME,28062022_vacantes_cc_1.pdf,28 de junio de 2022
1,GRADO GEOGRAFÍA E HISTORIA - MÁSTER PROFESORADO,PARCIAL,NUESTRA SEÑORA DEL PILAR - GUANARTEME,28062022_vacantes_cc_1.pdf,28 de junio de 2022
1,GRADO LENGUAS MODERNAS (INGLÉS Y FRANCÉS)- MÁSTER PRO,PARCIAL,NUESTRA SEÑORA DEL PILAR - GUANARTEME,28062022_vacantes_cc_1.pdf,28 de junio de 2022
1,GRADO EN MÚSICA - MÁSTER PROFESORADO,PARCIAL,NUESTRA SEÑORA DEL PILAR - GUANARTEME,28062022_vacantes_cc_1.pdf,28 de junio de 2022
1,MAESTRO/A PRIMARIA,COMPLETA,ACAYMO-LA CANDELARIA,28062022_vacantes_cc_4.pdf,28 de junio de 2022
1,EDUCACIÓN INFANTIL,COMPLETA,CPEIPS JUAN RAMÓN JIMÉNEZ,280722_vacantes_cc_1.pdf,28 de julio de 2022
1,EDUCACIÓN PRIMARIA,COMPLETA,CPEIPS JUAN RAMÓN JIMÉNEZ,280722_vacantes_cc_1.pdf,28 de julio de 2022
1,MÚSICA PRIMARIA,PARCIAL,CPEIPS JUAN RAMÓN JIMÉNEZ,280722_vacantes_cc_1.pdf,28 de julio de 2022
1,INGLÉS SECUNDARIA,PARCIAL,CPEIPS JUAN RAMÓN JIMÉNEZ,280722_vacantes_cc_1.pdf,28 de julio de 2022
1,"EDUCACIÓN SECUNDARIA, HISTORI Y GEOGRAFÍA. CIENCIAS SOC",PARCIAL,LA SALLE SAN ILDEFONSO,280722_vacantes_cc_2_1.pdf,28 de julio de 2022
1,"EDUCACIÓN SECUNDARIA, LENGUA CASTELLANA Y LITERATURA",PARCIAL,LA SALLE SAN ILDEFONSO,280722_vacantes_cc_2_1.pdf,28 de julio de 2022
1,EDUCACIÓN PRIMARIA,PARCIAL,LA SALLE SAN ILDEFONSO,280722_vacantes_cc_2_1.pdf,28 de julio de 2022
1,EDUCACIÓN INFANTIL,PARCIAL,LA SALLE SAN ILDEFONSO,280722_vacantes_cc_2_1.pdf,28 de julio de 2022
1,MAESTRO/A EDUCACIÓN INFANTIL-INGLÉS B2,PARCIAL,SAN ISDRO SALESIANOS,280722_vacantes_cc_2.pdf,28 de junio de 2022
1,MAESTRO/A EDUCACIÓN ESPECIAL/AUDICIÓN Y LENGUAJE,PARCIAL,SAN ISDRO SALESIANOS,280722_vacantes_cc_2.pdf,28 de junio de 2022
1,MAESTRO/A INGLÉS,PARCIAL,SAN ISDRO SALESIANOS,280722_vacantes_cc_2.pdf,28 de junio de 2022
1,"INGENIERO/A,ARQUITECTO/A,LCDO/A CC EXPERIMENTALES Y DE LA SALUD/INGLÉS B2-C1",COMPLETA,SAN ISDRO SALESIANOS,280722_vacantes_cc_2.pdf,28 de junio de 2022
2,MAESTRO/A ED. INFANTIL DOMINIO LENGUA INGLESA,COMPLETA,VIRGEN DEL MAR,280722_vacantes_cc_3.pdf,28 de julio de 2022
1,MAESTRO/A ED. PRIMARIA ESP. EDUCACIÓN MUSICAL,PARCIAL,VIRGEN DEL MAR,280722_vacantes_cc_3.pdf,28 de julio de 2022
2,MAESTRO/A ED. PRIMARIA ESP. ED. FÍSICA CON DOMINIO DE LA L,COMPLETA,VIRGEN DEL MAR,280722_vacantes_cc_3.pdf,28 de julio de 2022
1,GRADUADO/A EN FILOLOGÍA INGLESA,PARCIAL,VIRGEN DEL MAR,280722_vacantes_cc_3.pdf,28 de julio de 2022
1,GRADUADO/A EN FÍSICA Y QUÍMICA CON DOMINIO DE LENGUA I,PARCIAL,VIRGEN DEL MAR,280722_vacantes_cc_3.pdf,28 de julio de 2022
1,GRADUADO/A EN MATEMÁTICAS CON DOMINIO DE LA LENGUA,PARCIAL,VIRGEN DEL MAR,280722_vacantes_cc_3.pdf,28 de julio de 2022
1,GRADUADO/A  EN BIOLOGÍA CON DOMINIO DE LA LENGUA INGL,PARCIAL,VIRGEN DEL MAR,280722_vacantes_cc_3.pdf,28 de julio de 2022
1,GRADUADO/A EN ED. FÍSICA CON DOMINIO DE LA LENGUA INGL,PARCIAL,VIRGEN DEL MAR,280722_vacantes_cc_3.pdf,28 de julio de 2022
1,GRADO EN PRIMARIA - INGLÉS B1,COMPLETA,CAEPA RADIO ECCA,281021_vacantes_cc_1.pdf,28 de octubre de 2021
1,MAESTRO/A DE INGLÉS CON EL CORRESPONDIENTE B-2,COMPLETA,MAINLOP,281021_vacantes_cc_2.pdf,28 de octubre de 2021
1,DIBUJO ESO,PARCIAL,COLEGIO SANTA TERESA DE JESÚS,281021_vacantes_cc_3.pdf,28 de octubre de 2021
1,LICENCIADO/A  INGLÉS- B-2 (CTO. EVENTUAL__),PARCIAL,ISABEL LA CATÓLICA,281021_vacantes_cc_5.pdf,28 de octubre de 2021
1,MAESTRO/A ED.ESPECIAL O AUDICIÓN Y LENGUAJE O MENCIÓN,COMPLETA,CENTRO TIPCI,281221_vacantes_cc_1.pdf,28 de diciembre de 2021
2,GRADO ADMINISTRACIÓN Y DIRECCIÓN DE EMPRESAS,PARCIAL,COLEGIO SALESIANAS SAN JUAN BOSCO (LAS PALMAS DE G.C.),290722_vacantes_cc_1.pdf,29 de julio de 2022
1,"GRADO EDUCACIÓN PRIMARIA, MENCIÓN INGLÉS, C1",COMPLETA,COLEGIO SALESIANAS SAN JUAN BOSCO (LAS PALMAS DE G.C.),290722_vacantes_cc_1.pdf,29 de julio de 2022
1,"GRADO EDUCACIÓN PRIMARIA MENCIÓN INGLÉS (B2-C1, DECA)",PARCIAL,COLEGIO NUESTRA SEÑORA DEL PILAR,290722_vacantes_cc_2.pdf,29 de julio de 2022
1,MAESTRO/A ED. INFANTIL,COMPLETA,CERVANTES,290921_vacantes_cc_1.pdf,29 de septiembre de 2021
1,"MAESTRO/A PRIMARIA CON INGLÉS, MÚSICA Y DECA",COMPLETA,ADONAI,291021_vacantes_cc_1.pdf,27 de octubre de 2021
1,MAESTRA/APOYO NEAE PEDAGOGÍA TERAPÉUTICA,COMPLETA,ACAYMO-LA CANDELARIA,291121_vacantes_cc_1.pdf,29 de noviembre de 2021
1,GRADO MAESTRO/A EDUCACIÓN PRIMARIA,COMPLETA,ACAYMO-LA CANDELARIA,291121_vacantes_cc_1.pdf,29 de noviembre de 2021
1,GRADO MAESTRO/A EDUCACIÓN PRIMARIA,PARCIAL,ACAYMO-LA CANDELARIA,291121_vacantes_cc_1.pdf,29 de noviembre de 2021
1,"PROFESOR/A BIOLOGÍA, MATEMÁTICAS, FÍSICA Y/O QUÍMICA",COMPLETA,CPEIPS SAN ANTONIO MARÍA CLARET,291221_vacantes_cc_1.pdf,29 de diciembre de 2021
1,LICENCIATURA/GRADO EN CIENCIAS DE LA ACTIVIDAD FÍSICA Y DPARCIAL,PARCIAL,MAINLOP,300322_vacantes_cc_1.pdf,30 de marzo de 2022
1,LCDO/A TRADUCTORES E INTÉRPRETES INGLÉS Ó FILOLOGÍA ING,PARCIAL,NUESTRA SEÑORA DE LAS NIEVES,300921_vacantes_cc_1.pdf,30 de septiembre de 2021
2,GRADO EDUCACIÓN PRIMARIA NIVEL B2 O C1,COMPLETA,NUESTRA SEÑORA DE LAS NIEVES,300921_vacantes_cc_2.pdf,30 de septiembre de 2021
1,MAESTRO/A PRIMARIA DE MÚSICA/DECA,COMPLETA,ADONAI,301121_vacantes_cc_1.pdf,30 de noviembre de 2021
1,GRADUADO/A FILOLOGÍA INGLESA O FRANCESA,PARCIAL,ADONAI,301121_vacantes_cc_1.pdf,30 de noviembre de 2021
